worker_id,future_live_queue_id,state,municipality,municipality_id,census_gov_id,government_name,government_type,geography_type,population,county_relationship_count,multi_county_flag,county_context_summary,priority_rank,selection_bucket,selection_reason,claim_or_source_need_connection,expected_units_to_search,verification_notes,recommended_scout_status,already_scouted_status,coverage_status_before_run
worker_2,COORD-SERIAL150-2026-07-21,NJ,Westfield,cog_2025_170248,170248,TOWN OF WESTFIELD,municipal,place,30559,1,no,Union County [34039; county; government-units-primary=yes; basis=2020_place_by_county],1,largest_uncovered_place_employer,"Population-ranked untouched New Jersey place government (30,559; batch rank 1) selected after excluding covered/canonical rows and township governments.",CLM-2026-07-12-01; CLM-2026-07-12-04; CLM-2026-07-12-05; CLM-2026-07-12-06; CLM-2026-07-12-07; H1; H2; H3; H4; H5; H7,"municipal police; municipal fire only when the exact target municipality is the employer; at least one ordinary general-municipal non-safety unit (clerical_admin/public_works/sanitation/library); public arbitration, factfinding, impasse, compensation-plan, or other authoritative wage-setting material when available","Scout-stage only. Target exactly TOWN OF WESTFIELD (Census government ID 170248). County context: Union County [34039; county; government-units-primary=yes; basis=2020_place_by_county]. Exclude counties, school districts, transit agencies, port/airport authorities, housing authorities, park districts, township governments, fire/water/utility and other special districts, regional bodies, universities, state/federal employers, and private providers. If safety service is supplied by another employer, do not attribute that unit to the municipality. A safety agreement cannot satisfy the non-safety request. Do not make or recommend a public-records request. Allow an empty candidate list. No source URL was opened during selection. Later verification—not this scout—must confirm employer, unit, provenance, execution/completeness, visible 2014-2024 dates, wage content, duplicates, access, and mutual cycle overlap.",locked_for_worker_prep_dry_run_only,no,not_scouted
worker_2,COORD-SERIAL150-2026-07-21,NJ,Englewood,cog_2025_109058,109058,CITY OF ENGLEWOOD,municipal,place,29624,1,no,Bergen County [34003; county; government-units-primary=yes; basis=2020_place_by_county],2,largest_uncovered_place_employer,"Population-ranked untouched New Jersey place government (29,624; batch rank 2) selected after excluding covered/canonical rows and township governments.",CLM-2026-07-12-01; CLM-2026-07-12-04; CLM-2026-07-12-05; CLM-2026-07-12-06; CLM-2026-07-12-07; H1; H2; H3; H4; H5; H7,"municipal police; municipal fire only when the exact target municipality is the employer; at least one ordinary general-municipal non-safety unit (clerical_admin/public_works/sanitation/library); public arbitration, factfinding, impasse, compensation-plan, or other authoritative wage-setting material when available","Scout-stage only. Target exactly CITY OF ENGLEWOOD (Census government ID 109058). County context: Bergen County [34003; county; government-units-primary=yes; basis=2020_place_by_county]. Exclude counties, school districts, transit agencies, port/airport authorities, housing authorities, park districts, township governments, fire/water/utility and other special districts, regional bodies, universities, state/federal employers, and private providers. If safety service is supplied by another employer, do not attribute that unit to the municipality. A safety agreement cannot satisfy the non-safety request. Do not make or recommend a public-records request. Allow an empty candidate list. No source URL was opened during selection. Later verification—not this scout—must confirm employer, unit, provenance, execution/completeness, visible 2014-2024 dates, wage content, duplicates, access, and mutual cycle overlap.",locked_for_worker_prep_dry_run_only,no,not_scouted
worker_2,COORD-SERIAL150-2026-07-21,NJ,Bergenfield,cog_2025_130815,130815,BOROUGH OF BERGENFIELD,municipal,place,28274,1,no,Bergen County [34003; county; government-units-primary=yes; basis=2020_place_by_county],3,largest_uncovered_place_employer,"Population-ranked untouched New Jersey place government (28,274; batch rank 3) selected after excluding covered/canonical rows and township governments.",CLM-2026-07-12-01; CLM-2026-07-12-04; CLM-2026-07-12-05; CLM-2026-07-12-06; CLM-2026-07-12-07; H1; H2; H3; H4; H5; H7,"municipal police; municipal fire only when the exact target municipality is the employer; at least one ordinary general-municipal non-safety unit (clerical_admin/public_works/sanitation/library); public arbitration, factfinding, impasse, compensation-plan, or other authoritative wage-setting material when available","Scout-stage only. Target exactly BOROUGH OF BERGENFIELD (Census government ID 130815). County context: Bergen County [34003; county; government-units-primary=yes; basis=2020_place_by_county]. Exclude counties, school districts, transit agencies, port/airport authorities, housing authorities, park districts, township governments, fire/water/utility and other special districts, regional bodies, universities, state/federal employers, and private providers. If safety service is supplied by another employer, do not attribute that unit to the municipality. A safety agreement cannot satisfy the non-safety request. Do not make or recommend a public-records request. Allow an empty candidate list. No source URL was opened during selection. Later verification—not this scout—must confirm employer, unit, provenance, execution/completeness, visible 2014-2024 dates, wage content, duplicates, access, and mutual cycle overlap.",locked_for_worker_prep_dry_run_only,no,not_scouted
worker_2,COORD-SERIAL150-2026-07-21,NJ,Millville,cog_2025_170163,170163,CITY OF MILLVILLE,municipal,place,27358,1,no,Cumberland County [34011; county; government-units-primary=yes; basis=2020_place_by_county],4,largest_uncovered_place_employer,"Population-ranked untouched New Jersey place government (27,358; batch rank 4) selected after excluding covered/canonical rows and township governments.",CLM-2026-07-12-01; CLM-2026-07-12-04; CLM-2026-07-12-05; CLM-2026-07-12-06; CLM-2026-07-12-07; H1; H2; H3; H4; H5; H7,"municipal police; municipal fire only when the exact target municipality is the employer; at least one ordinary general-municipal non-safety unit (clerical_admin/public_works/sanitation/library); public arbitration, factfinding, impasse, compensation-plan, or other authoritative wage-setting material when available","Scout-stage only. Target exactly CITY OF MILLVILLE (Census government ID 170163). County context: Cumberland County [34011; county; government-units-primary=yes; basis=2020_place_by_county]. Exclude counties, school districts, transit agencies, port/airport authorities, housing authorities, park districts, township governments, fire/water/utility and other special districts, regional bodies, universities, state/federal employers, and private providers. If safety service is supplied by another employer, do not attribute that unit to the municipality. A safety agreement cannot satisfy the non-safety request. Do not make or recommend a public-records request. Allow an empty candidate list. No source URL was opened during selection. Later verification—not this scout—must confirm employer, unit, provenance, execution/completeness, visible 2014-2024 dates, wage content, duplicates, access, and mutual cycle overlap.",locked_for_worker_prep_dry_run_only,no,not_scouted
worker_2,COORD-SERIAL150-2026-07-21,NJ,Bridgeton,cog_2025_208763,208763,CITY OF BRIDGETON,municipal,place,26763,1,no,Cumberland County [34011; county; government-units-primary=yes; basis=2020_place_by_county],5,largest_uncovered_place_employer,"Population-ranked untouched New Jersey place government (26,763; batch rank 5) selected after excluding covered/canonical rows and township governments.",CLM-2026-07-12-01; CLM-2026-07-12-04; CLM-2026-07-12-05; CLM-2026-07-12-06; CLM-2026-07-12-07; H1; H2; H3; H4; H5; H7,"municipal police; municipal fire only when the exact target municipality is the employer; at least one ordinary general-municipal non-safety unit (clerical_admin/public_works/sanitation/library); public arbitration, factfinding, impasse, compensation-plan, or other authoritative wage-setting material when available","Scout-stage only. Target exactly CITY OF BRIDGETON (Census government ID 208763). County context: Cumberland County [34011; county; government-units-primary=yes; basis=2020_place_by_county]. Exclude counties, school districts, transit agencies, port/airport authorities, housing authorities, park districts, township governments, fire/water/utility and other special districts, regional bodies, universities, state/federal employers, and private providers. If safety service is supplied by another employer, do not attribute that unit to the municipality. A safety agreement cannot satisfy the non-safety request. Do not make or recommend a public-records request. Allow an empty candidate list. No source URL was opened during selection. Later verification—not this scout—must confirm employer, unit, provenance, execution/completeness, visible 2014-2024 dates, wage content, duplicates, access, and mutual cycle overlap.",locked_for_worker_prep_dry_run_only,no,not_scouted
worker_2,COORD-SERIAL150-2026-07-21,NJ,Paramus,cog_2025_225449,225449,BOROUGH OF PARAMUS,municipal,place,26282,1,no,Bergen County [34003; county; government-units-primary=yes; basis=2020_place_by_county],6,largest_uncovered_place_employer,"Population-ranked untouched New Jersey place government (26,282; batch rank 6) selected after excluding covered/canonical rows and township governments.",CLM-2026-07-12-01; CLM-2026-07-12-04; CLM-2026-07-12-05; CLM-2026-07-12-06; CLM-2026-07-12-07; H1; H2; H3; H4; H5; H7,"municipal police; municipal fire only when the exact target municipality is the employer; at least one ordinary general-municipal non-safety unit (clerical_admin/public_works/sanitation/library); public arbitration, factfinding, impasse, compensation-plan, or other authoritative wage-setting material when available","Scout-stage only. Target exactly BOROUGH OF PARAMUS (Census government ID 225449). County context: Bergen County [34003; county; government-units-primary=yes; basis=2020_place_by_county]. Exclude counties, school districts, transit agencies, port/airport authorities, housing authorities, park districts, township governments, fire/water/utility and other special districts, regional bodies, universities, state/federal employers, and private providers. If safety service is supplied by another employer, do not attribute that unit to the municipality. A safety agreement cannot satisfy the non-safety request. Do not make or recommend a public-records request. Allow an empty candidate list. No source URL was opened during selection. Later verification—not this scout—must confirm employer, unit, provenance, execution/completeness, visible 2014-2024 dates, wage content, duplicates, access, and mutual cycle overlap.",locked_for_worker_prep_dry_run_only,no,not_scouted
worker_2,COORD-SERIAL150-2026-07-21,NJ,Ridgewood,cog_2025_190894,190894,VILLAGE OF RIDGEWOOD,municipal,place,26194,1,no,Bergen County [34003; county; government-units-primary=yes; basis=2020_place_by_county],7,largest_uncovered_place_employer,"Population-ranked untouched New Jersey place government (26,194; batch rank 7) selected after excluding covered/canonical rows and township governments.",CLM-2026-07-12-01; CLM-2026-07-12-04; CLM-2026-07-12-05; CLM-2026-07-12-06; CLM-2026-07-12-07; H1; H2; H3; H4; H5; H7,"municipal police; municipal fire only when the exact target municipality is the employer; at least one ordinary general-municipal non-safety unit (clerical_admin/public_works/sanitation/library); public arbitration, factfinding, impasse, compensation-plan, or other authoritative wage-setting material when available","Scout-stage only. Target exactly VILLAGE OF RIDGEWOOD (Census government ID 190894). County context: Bergen County [34003; county; government-units-primary=yes; basis=2020_place_by_county]. Exclude counties, school districts, transit agencies, port/airport authorities, housing authorities, park districts, township governments, fire/water/utility and other special districts, regional bodies, universities, state/federal employers, and private providers. If safety service is supplied by another employer, do not attribute that unit to the municipality. A safety agreement cannot satisfy the non-safety request. Do not make or recommend a public-records request. Allow an empty candidate list. No source URL was opened during selection. Later verification—not this scout—must confirm employer, unit, provenance, execution/completeness, visible 2014-2024 dates, wage content, duplicates, access, and mutual cycle overlap.",locked_for_worker_prep_dry_run_only,no,not_scouted
worker_2,COORD-SERIAL150-2026-07-21,NJ,Lodi,cog_2025_193725,193725,BOROUGH OF LODI,municipal,place,25832,1,no,Bergen County [34003; county; government-units-primary=yes; basis=2020_place_by_county],8,largest_uncovered_place_employer,"Population-ranked untouched New Jersey place government (25,832; batch rank 8) selected after excluding covered/canonical rows and township governments.",CLM-2026-07-12-01; CLM-2026-07-12-04; CLM-2026-07-12-05; CLM-2026-07-12-06; CLM-2026-07-12-07; H1; H2; H3; H4; H5; H7,"municipal police; municipal fire only when the exact target municipality is the employer; at least one ordinary general-municipal non-safety unit (clerical_admin/public_works/sanitation/library); public arbitration, factfinding, impasse, compensation-plan, or other authoritative wage-setting material when available","Scout-stage only. Target exactly BOROUGH OF LODI (Census government ID 193725). County context: Bergen County [34003; county; government-units-primary=yes; basis=2020_place_by_county]. Exclude counties, school districts, transit agencies, port/airport authorities, housing authorities, park districts, township governments, fire/water/utility and other special districts, regional bodies, universities, state/federal employers, and private providers. If safety service is supplied by another employer, do not attribute that unit to the municipality. A safety agreement cannot satisfy the non-safety request. Do not make or recommend a public-records request. Allow an empty candidate list. No source URL was opened during selection. Later verification—not this scout—must confirm employer, unit, provenance, execution/completeness, visible 2014-2024 dates, wage content, duplicates, access, and mutual cycle overlap.",locked_for_worker_prep_dry_run_only,no,not_scouted
worker_2,COORD-SERIAL150-2026-07-21,NJ,Cliffside Park,cog_2025_170112,170112,BOROUGH OF CLIFFSIDE PARK,municipal,place,25570,1,no,Bergen County [34003; county; government-units-primary=yes; basis=2020_place_by_county],9,largest_uncovered_place_employer,"Population-ranked untouched New Jersey place government (25,570; batch rank 9) selected after excluding covered/canonical rows and township governments.",CLM-2026-07-12-01; CLM-2026-07-12-04; CLM-2026-07-12-05; CLM-2026-07-12-06; CLM-2026-07-12-07; H1; H2; H3; H4; H5; H7,"municipal police; municipal fire only when the exact target municipality is the employer; at least one ordinary general-municipal non-safety unit (clerical_admin/public_works/sanitation/library); public arbitration, factfinding, impasse, compensation-plan, or other authoritative wage-setting material when available","Scout-stage only. Target exactly BOROUGH OF CLIFFSIDE PARK (Census government ID 170112). County context: Bergen County [34003; county; government-units-primary=yes; basis=2020_place_by_county]. Exclude counties, school districts, transit agencies, port/airport authorities, housing authorities, park districts, township governments, fire/water/utility and other special districts, regional bodies, universities, state/federal employers, and private providers. If safety service is supplied by another employer, do not attribute that unit to the municipality. A safety agreement cannot satisfy the non-safety request. Do not make or recommend a public-records request. Allow an empty candidate list. No source URL was opened during selection. Later verification—not this scout—must confirm employer, unit, provenance, execution/completeness, visible 2014-2024 dates, wage content, duplicates, access, and mutual cycle overlap.",locked_for_worker_prep_dry_run_only,no,not_scouted
worker_2,COORD-SERIAL150-2026-07-21,NJ,Carteret,cog_2025_130843,130843,BOROUGH OF CARTERET,municipal,place,25281,1,no,Middlesex County [34023; county; government-units-primary=yes; basis=2020_place_by_county],10,largest_uncovered_place_employer,"Population-ranked untouched New Jersey place government (25,281; batch rank 10) selected after excluding covered/canonical rows and township governments.",CLM-2026-07-12-01; CLM-2026-07-12-04; CLM-2026-07-12-05; CLM-2026-07-12-06; CLM-2026-07-12-07; H1; H2; H3; H4; H5; H7,"municipal police; municipal fire only when the exact target municipality is the employer; at least one ordinary general-municipal non-safety unit (clerical_admin/public_works/sanitation/library); public arbitration, factfinding, impasse, compensation-plan, or other authoritative wage-setting material when available","Scout-stage only. Target exactly BOROUGH OF CARTERET (Census government ID 130843). County context: Middlesex County [34023; county; government-units-primary=yes; basis=2020_place_by_county]. Exclude counties, school districts, transit agencies, port/airport authorities, housing authorities, park districts, township governments, fire/water/utility and other special districts, regional bodies, universities, state/federal employers, and private providers. If safety service is supplied by another employer, do not attribute that unit to the municipality. A safety agreement cannot satisfy the non-safety request. Do not make or recommend a public-records request. Allow an empty candidate list. No source URL was opened during selection. Later verification—not this scout—must confirm employer, unit, provenance, execution/completeness, visible 2014-2024 dates, wage content, duplicates, access, and mutual cycle overlap.",locked_for_worker_prep_dry_run_only,no,not_scouted
worker_2,COORD-SERIAL150-2026-07-21,NJ,South Plainfield,cog_2025_170195,170195,BOROUGH OF SOUTH PLAINFIELD,municipal,place,24131,1,no,Middlesex County [34023; county; government-units-primary=yes; basis=2020_place_by_county],11,largest_uncovered_place_employer,"Population-ranked untouched New Jersey place government (24,131; batch rank 11) selected after excluding covered/canonical rows and township governments.",CLM-2026-07-12-01; CLM-2026-07-12-04; CLM-2026-07-12-05; CLM-2026-07-12-06; CLM-2026-07-12-07; H1; H2; H3; H4; H5; H7,"municipal police; municipal fire only when the exact target municipality is the employer; at least one ordinary general-municipal non-safety unit (clerical_admin/public_works/sanitation/library); public arbitration, factfinding, impasse, compensation-plan, or other authoritative wage-setting material when available","Scout-stage only. Target exactly BOROUGH OF SOUTH PLAINFIELD (Census government ID 170195). County context: Middlesex County [34023; county; government-units-primary=yes; basis=2020_place_by_county]. Exclude counties, school districts, transit agencies, port/airport authorities, housing authorities, park districts, township governments, fire/water/utility and other special districts, regional bodies, universities, state/federal employers, and private providers. If safety service is supplied by another employer, do not attribute that unit to the municipality. A safety agreement cannot satisfy the non-safety request. Do not make or recommend a public-records request. Allow an empty candidate list. No source URL was opened during selection. Later verification—not this scout—must confirm employer, unit, provenance, execution/completeness, visible 2014-2024 dates, wage content, duplicates, access, and mutual cycle overlap.",locked_for_worker_prep_dry_run_only,no,not_scouted
worker_2,COORD-SERIAL150-2026-07-21,NJ,Glassboro,cog_2025_193733,193733,BOROUGH OF GLASSBORO,municipal,place,23987,1,no,Gloucester County [34015; county; government-units-primary=yes; basis=2020_place_by_county],12,largest_uncovered_place_employer,"Population-ranked untouched New Jersey place government (23,987; batch rank 12) selected after excluding covered/canonical rows and township governments.",CLM-2026-07-12-01; CLM-2026-07-12-04; CLM-2026-07-12-05; CLM-2026-07-12-06; CLM-2026-07-12-07; H1; H2; H3; H4; H5; H7,"municipal police; municipal fire only when the exact target municipality is the employer; at least one ordinary general-municipal non-safety unit (clerical_admin/public_works/sanitation/library); public arbitration, factfinding, impasse, compensation-plan, or other authoritative wage-setting material when available","Scout-stage only. Target exactly BOROUGH OF GLASSBORO (Census government ID 193733). County context: Gloucester County [34015; county; government-units-primary=yes; basis=2020_place_by_county]. Exclude counties, school districts, transit agencies, port/airport authorities, housing authorities, park districts, township governments, fire/water/utility and other special districts, regional bodies, universities, state/federal employers, and private providers. If safety service is supplied by another employer, do not attribute that unit to the municipality. A safety agreement cannot satisfy the non-safety request. Do not make or recommend a public-records request. Allow an empty candidate list. No source URL was opened during selection. Later verification—not this scout—must confirm employer, unit, provenance, execution/completeness, visible 2014-2024 dates, wage content, duplicates, access, and mutual cycle overlap.",locked_for_worker_prep_dry_run_only,no,not_scouted
worker_2,COORD-SERIAL150-2026-07-21,NJ,North Plainfield,cog_2025_130869,130869,BOROUGH OF NORTH PLAINFIELD,municipal,place,22566,1,no,Somerset County [34035; county; government-units-primary=yes; basis=2020_place_by_county],13,largest_uncovered_place_employer,"Population-ranked untouched New Jersey place government (22,566; batch rank 13) selected after excluding covered/canonical rows and township governments.",CLM-2026-07-12-01; CLM-2026-07-12-04; CLM-2026-07-12-05; CLM-2026-07-12-06; CLM-2026-07-12-07; H1; H2; H3; H4; H5; H7,"municipal police; municipal fire only when the exact target municipality is the employer; at least one ordinary general-municipal non-safety unit (clerical_admin/public_works/sanitation/library); public arbitration, factfinding, impasse, compensation-plan, or other authoritative wage-setting material when available","Scout-stage only. Target exactly BOROUGH OF NORTH PLAINFIELD (Census government ID 130869). County context: Somerset County [34035; county; government-units-primary=yes; basis=2020_place_by_county]. Exclude counties, school districts, transit agencies, port/airport authorities, housing authorities, park districts, township governments, fire/water/utility and other special districts, regional bodies, universities, state/federal employers, and private providers. If safety service is supplied by another employer, do not attribute that unit to the municipality. A safety agreement cannot satisfy the non-safety request. Do not make or recommend a public-records request. Allow an empty candidate list. No source URL was opened during selection. Later verification—not this scout—must confirm employer, unit, provenance, execution/completeness, visible 2014-2024 dates, wage content, duplicates, access, and mutual cycle overlap.",locked_for_worker_prep_dry_run_only,no,not_scouted
worker_2,COORD-SERIAL150-2026-07-21,NJ,Summit,cog_2025_130873,130873,CITY OF SUMMIT,municipal,place,22344,1,no,Union County [34039; county; government-units-primary=yes; basis=2020_place_by_county],14,largest_uncovered_place_employer,"Population-ranked untouched New Jersey place government (22,344; batch rank 14) selected after excluding covered/canonical rows and township governments.",CLM-2026-07-12-01; CLM-2026-07-12-04; CLM-2026-07-12-05; CLM-2026-07-12-06; CLM-2026-07-12-07; H1; H2; H3; H4; H5; H7,"municipal police; municipal fire only when the exact target municipality is the employer; at least one ordinary general-municipal non-safety unit (clerical_admin/public_works/sanitation/library); public arbitration, factfinding, impasse, compensation-plan, or other authoritative wage-setting material when available","Scout-stage only. Target exactly CITY OF SUMMIT (Census government ID 130873). County context: Union County [34039; county; government-units-primary=yes; basis=2020_place_by_county]. Exclude counties, school districts, transit agencies, port/airport authorities, housing authorities, park districts, township governments, fire/water/utility and other special districts, regional bodies, universities, state/federal employers, and private providers. If safety service is supplied by another employer, do not attribute that unit to the municipality. A safety agreement cannot satisfy the non-safety request. Do not make or recommend a public-records request. Allow an empty candidate list. No source URL was opened during selection. Later verification—not this scout—must confirm employer, unit, provenance, execution/completeness, visible 2014-2024 dates, wage content, duplicates, access, and mutual cycle overlap.",locked_for_worker_prep_dry_run_only,no,not_scouted
worker_2,COORD-SERIAL150-2026-07-21,NJ,Roselle,cog_2025_170246,170246,BOROUGH OF ROSELLE,municipal,place,22342,1,no,Union County [34039; county; government-units-primary=yes; basis=2020_place_by_county],15,largest_uncovered_place_employer,"Population-ranked untouched New Jersey place government (22,342; batch rank 15) selected after excluding covered/canonical rows and township governments.",CLM-2026-07-12-01; CLM-2026-07-12-04; CLM-2026-07-12-05; CLM-2026-07-12-06; CLM-2026-07-12-07; H1; H2; H3; H4; H5; H7,"municipal police; municipal fire only when the exact target municipality is the employer; at least one ordinary general-municipal non-safety unit (clerical_admin/public_works/sanitation/library); public arbitration, factfinding, impasse, compensation-plan, or other authoritative wage-setting material when available","Scout-stage only. Target exactly BOROUGH OF ROSELLE (Census government ID 170246). County context: Union County [34039; county; government-units-primary=yes; basis=2020_place_by_county]. Exclude counties, school districts, transit agencies, port/airport authorities, housing authorities, park districts, township governments, fire/water/utility and other special districts, regional bodies, universities, state/federal employers, and private providers. If safety service is supplied by another employer, do not attribute that unit to the municipality. A safety agreement cannot satisfy the non-safety request. Do not make or recommend a public-records request. Allow an empty candidate list. No source URL was opened during selection. Later verification—not this scout—must confirm employer, unit, provenance, execution/completeness, visible 2014-2024 dates, wage content, duplicates, access, and mutual cycle overlap.",locked_for_worker_prep_dry_run_only,no,not_scouted
worker_2,COORD-SERIAL150-2026-07-21,NJ,Lindenwold,cog_2025_190895,190895,BOROUGH OF LINDENWOLD,municipal,place,21685,1,no,Camden County [34007; county; government-units-primary=yes; basis=2020_place_by_county],16,mid_size_borough_city_expansion,"Population-ranked untouched New Jersey place government (21,685; batch rank 16) selected after excluding covered/canonical rows and township governments.",CLM-2026-07-12-01; CLM-2026-07-12-04; CLM-2026-07-12-05; CLM-2026-07-12-06; CLM-2026-07-12-07; H1; H2; H3; H4; H5; H7,"municipal police; municipal fire only when the exact target municipality is the employer; at least one ordinary general-municipal non-safety unit (clerical_admin/public_works/sanitation/library); public arbitration, factfinding, impasse, compensation-plan, or other authoritative wage-setting material when available","Scout-stage only. Target exactly BOROUGH OF LINDENWOLD (Census government ID 190895). County context: Camden County [34007; county; government-units-primary=yes; basis=2020_place_by_county]. Exclude counties, school districts, transit agencies, port/airport authorities, housing authorities, park districts, township governments, fire/water/utility and other special districts, regional bodies, universities, state/federal employers, and private providers. If safety service is supplied by another employer, do not attribute that unit to the municipality. A safety agreement cannot satisfy the non-safety request. Do not make or recommend a public-records request. Allow an empty candidate list. No source URL was opened during selection. Later verification—not this scout—must confirm employer, unit, provenance, execution/completeness, visible 2014-2024 dates, wage content, duplicates, access, and mutual cycle overlap.",locked_for_worker_prep_dry_run_only,no,not_scouted
worker_2,COORD-SERIAL150-2026-07-21,NJ,Elmwood Park,cog_2025_130816,130816,BOROUGH OF ELMWOOD PARK,municipal,place,21256,1,no,Bergen County [34003; county; government-units-primary=yes; basis=2020_place_by_county],17,mid_size_borough_city_expansion,"Population-ranked untouched New Jersey place government (21,256; batch rank 17) selected after excluding covered/canonical rows and township governments.",CLM-2026-07-12-01; CLM-2026-07-12-04; CLM-2026-07-12-05; CLM-2026-07-12-06; CLM-2026-07-12-07; H1; H2; H3; H4; H5; H7,"municipal police; municipal fire only when the exact target municipality is the employer; at least one ordinary general-municipal non-safety unit (clerical_admin/public_works/sanitation/library); public arbitration, factfinding, impasse, compensation-plan, or other authoritative wage-setting material when available","Scout-stage only. Target exactly BOROUGH OF ELMWOOD PARK (Census government ID 130816). County context: Bergen County [34003; county; government-units-primary=yes; basis=2020_place_by_county]. Exclude counties, school districts, transit agencies, port/airport authorities, housing authorities, park districts, township governments, fire/water/utility and other special districts, regional bodies, universities, state/federal employers, and private providers. If safety service is supplied by another employer, do not attribute that unit to the municipality. A safety agreement cannot satisfy the non-safety request. Do not make or recommend a public-records request. Allow an empty candidate list. No source URL was opened during selection. Later verification—not this scout—must confirm employer, unit, provenance, execution/completeness, visible 2014-2024 dates, wage content, duplicates, access, and mutual cycle overlap.",locked_for_worker_prep_dry_run_only,no,not_scouted
worker_2,COORD-SERIAL150-2026-07-21,NJ,Secaucus,cog_2025_204930,204930,TOWN OF SECAUCUS,municipal,place,21005,1,no,Hudson County [34017; county; government-units-primary=yes; basis=2020_place_by_county],18,mid_size_borough_city_expansion,"Population-ranked untouched New Jersey place government (21,005; batch rank 18) selected after excluding covered/canonical rows and township governments.",CLM-2026-07-12-01; CLM-2026-07-12-04; CLM-2026-07-12-05; CLM-2026-07-12-06; CLM-2026-07-12-07; H1; H2; H3; H4; H5; H7,"municipal police; municipal fire only when the exact target municipality is the employer; at least one ordinary general-municipal non-safety unit (clerical_admin/public_works/sanitation/library); public arbitration, factfinding, impasse, compensation-plan, or other authoritative wage-setting material when available","Scout-stage only. Target exactly TOWN OF SECAUCUS (Census government ID 204930). County context: Hudson County [34017; county; government-units-primary=yes; basis=2020_place_by_county]. Exclude counties, school districts, transit agencies, port/airport authorities, housing authorities, park districts, township governments, fire/water/utility and other special districts, regional bodies, universities, state/federal employers, and private providers. If safety service is supplied by another employer, do not attribute that unit to the municipality. A safety agreement cannot satisfy the non-safety request. Do not make or recommend a public-records request. Allow an empty candidate list. No source URL was opened during selection. Later verification—not this scout—must confirm employer, unit, provenance, execution/completeness, visible 2014-2024 dates, wage content, duplicates, access, and mutual cycle overlap.",locked_for_worker_prep_dry_run_only,no,not_scouted
worker_2,COORD-SERIAL150-2026-07-21,NJ,Pleasantville,cog_2025_208758,208758,CITY OF PLEASANTVILLE,municipal,place,20613,1,no,Atlantic County [34001; county; government-units-primary=yes; basis=2020_place_by_county],19,mid_size_borough_city_expansion,"Population-ranked untouched New Jersey place government (20,613; batch rank 19) selected after excluding covered/canonical rows and township governments.",CLM-2026-07-12-01; CLM-2026-07-12-04; CLM-2026-07-12-05; CLM-2026-07-12-06; CLM-2026-07-12-07; H1; H2; H3; H4; H5; H7,"municipal police; municipal fire only when the exact target municipality is the employer; at least one ordinary general-municipal non-safety unit (clerical_admin/public_works/sanitation/library); public arbitration, factfinding, impasse, compensation-plan, or other authoritative wage-setting material when available","Scout-stage only. Target exactly CITY OF PLEASANTVILLE (Census government ID 208758). County context: Atlantic County [34001; county; government-units-primary=yes; basis=2020_place_by_county]. Exclude counties, school districts, transit agencies, port/airport authorities, housing authorities, park districts, township governments, fire/water/utility and other special districts, regional bodies, universities, state/federal employers, and private providers. If safety service is supplied by another employer, do not attribute that unit to the municipality. A safety agreement cannot satisfy the non-safety request. Do not make or recommend a public-records request. Allow an empty candidate list. No source URL was opened during selection. Later verification—not this scout—must confirm employer, unit, provenance, execution/completeness, visible 2014-2024 dates, wage content, duplicates, access, and mutual cycle overlap.",locked_for_worker_prep_dry_run_only,no,not_scouted
worker_2,COORD-SERIAL150-2026-07-21,NJ,Harrison,cog_2025_109089,109089,TOWN OF HARRISON,municipal,place,20520,1,no,Hudson County [34017; county; government-units-primary=yes; basis=2020_place_by_county],20,mid_size_borough_city_expansion,"Population-ranked untouched New Jersey place government (20,520; batch rank 20) selected after excluding covered/canonical rows and township governments.",CLM-2026-07-12-01; CLM-2026-07-12-04; CLM-2026-07-12-05; CLM-2026-07-12-06; CLM-2026-07-12-07; H1; H2; H3; H4; H5; H7,"municipal police; municipal fire only when the exact target municipality is the employer; at least one ordinary general-municipal non-safety unit (clerical_admin/public_works/sanitation/library); public arbitration, factfinding, impasse, compensation-plan, or other authoritative wage-setting material when available","Scout-stage only. Target exactly TOWN OF HARRISON (Census government ID 109089). County context: Hudson County [34017; county; government-units-primary=yes; basis=2020_place_by_county]. Exclude counties, school districts, transit agencies, port/airport authorities, housing authorities, park districts, township governments, fire/water/utility and other special districts, regional bodies, universities, state/federal employers, and private providers. If safety service is supplied by another employer, do not attribute that unit to the municipality. A safety agreement cannot satisfy the non-safety request. Do not make or recommend a public-records request. Allow an empty candidate list. No source URL was opened during selection. Later verification—not this scout—must confirm employer, unit, provenance, execution/completeness, visible 2014-2024 dates, wage content, duplicates, access, and mutual cycle overlap.",locked_for_worker_prep_dry_run_only,no,not_scouted
worker_2,COORD-SERIAL150-2026-07-21,NJ,Palisades Park,cog_2025_130822,130822,BOROUGH OF PALISADES PARK,municipal,place,20102,1,no,Bergen County [34003; county; government-units-primary=yes; basis=2020_place_by_county],21,mid_size_borough_city_expansion,"Population-ranked untouched New Jersey place government (20,102; batch rank 21) selected after excluding covered/canonical rows and township governments.",CLM-2026-07-12-01; CLM-2026-07-12-04; CLM-2026-07-12-05; CLM-2026-07-12-06; CLM-2026-07-12-07; H1; H2; H3; H4; H5; H7,"municipal police; municipal fire only when the exact target municipality is the employer; at least one ordinary general-municipal non-safety unit (clerical_admin/public_works/sanitation/library); public arbitration, factfinding, impasse, compensation-plan, or other authoritative wage-setting material when available","Scout-stage only. Target exactly BOROUGH OF PALISADES PARK (Census government ID 130822). County context: Bergen County [34003; county; government-units-primary=yes; basis=2020_place_by_county]. Exclude counties, school districts, transit agencies, port/airport authorities, housing authorities, park districts, township governments, fire/water/utility and other special districts, regional bodies, universities, state/federal employers, and private providers. If safety service is supplied by another employer, do not attribute that unit to the municipality. A safety agreement cannot satisfy the non-safety request. Do not make or recommend a public-records request. Allow an empty candidate list. No source URL was opened during selection. Later verification—not this scout—must confirm employer, unit, provenance, execution/completeness, visible 2014-2024 dates, wage content, duplicates, access, and mutual cycle overlap.",locked_for_worker_prep_dry_run_only,no,not_scouted
worker_2,COORD-SERIAL150-2026-07-21,NJ,Hawthorne,cog_2025_170229,170229,BOROUGH OF HAWTHORNE,municipal,place,19496,1,no,Passaic County [34031; county; government-units-primary=yes; basis=2020_place_by_county],22,mid_size_borough_city_expansion,"Population-ranked untouched New Jersey place government (19,496; batch rank 22) selected after excluding covered/canonical rows and township governments.",CLM-2026-07-12-01; CLM-2026-07-12-04; CLM-2026-07-12-05; CLM-2026-07-12-06; CLM-2026-07-12-07; H1; H2; H3; H4; H5; H7,"municipal police; municipal fire only when the exact target municipality is the employer; at least one ordinary general-municipal non-safety unit (clerical_admin/public_works/sanitation/library); public arbitration, factfinding, impasse, compensation-plan, or other authoritative wage-setting material when available","Scout-stage only. Target exactly BOROUGH OF HAWTHORNE (Census government ID 170229). County context: Passaic County [34031; county; government-units-primary=yes; basis=2020_place_by_county]. Exclude counties, school districts, transit agencies, port/airport authorities, housing authorities, park districts, township governments, fire/water/utility and other special districts, regional bodies, universities, state/federal employers, and private providers. If safety service is supplied by another employer, do not attribute that unit to the municipality. A safety agreement cannot satisfy the non-safety request. Do not make or recommend a public-records request. Allow an empty candidate list. No source URL was opened during selection. Later verification—not this scout—must confirm employer, unit, provenance, execution/completeness, visible 2014-2024 dates, wage content, duplicates, access, and mutual cycle overlap.",locked_for_worker_prep_dry_run_only,no,not_scouted
worker_2,COORD-SERIAL150-2026-07-21,NJ,Point Pleasant,cog_2025_170224,170224,BOROUGH OF POINT PLEASANT,municipal,place,19429,1,no,Ocean County [34029; county; government-units-primary=yes; basis=2020_place_by_county],23,mid_size_borough_city_expansion,"Population-ranked untouched New Jersey place government (19,429; batch rank 23) selected after excluding covered/canonical rows and township governments.",CLM-2026-07-12-01; CLM-2026-07-12-04; CLM-2026-07-12-05; CLM-2026-07-12-06; CLM-2026-07-12-07; H1; H2; H3; H4; H5; H7,"municipal police; municipal fire only when the exact target municipality is the employer; at least one ordinary general-municipal non-safety unit (clerical_admin/public_works/sanitation/library); public arbitration, factfinding, impasse, compensation-plan, or other authoritative wage-setting material when available","Scout-stage only. Target exactly BOROUGH OF POINT PLEASANT (Census government ID 170224). County context: Ocean County [34029; county; government-units-primary=yes; basis=2020_place_by_county]. Exclude counties, school districts, transit agencies, port/airport authorities, housing authorities, park districts, township governments, fire/water/utility and other special districts, regional bodies, universities, state/federal employers, and private providers. If safety service is supplied by another employer, do not attribute that unit to the municipality. A safety agreement cannot satisfy the non-safety request. Do not make or recommend a public-records request. Allow an empty candidate list. No source URL was opened during selection. Later verification—not this scout—must confirm employer, unit, provenance, execution/completeness, visible 2014-2024 dates, wage content, duplicates, access, and mutual cycle overlap.",locked_for_worker_prep_dry_run_only,no,not_scouted
worker_2,COORD-SERIAL150-2026-07-21,NJ,Tinton Falls,cog_2025_109106,109106,BOROUGH OF TINTON FALLS,municipal,place,19354,1,no,Monmouth County [34025; county; government-units-primary=yes; basis=2020_place_by_county],24,mid_size_borough_city_expansion,"Population-ranked untouched New Jersey place government (19,354; batch rank 24) selected after excluding covered/canonical rows and township governments.",CLM-2026-07-12-01; CLM-2026-07-12-04; CLM-2026-07-12-05; CLM-2026-07-12-06; CLM-2026-07-12-07; H1; H2; H3; H4; H5; H7,"municipal police; municipal fire only when the exact target municipality is the employer; at least one ordinary general-municipal non-safety unit (clerical_admin/public_works/sanitation/library); public arbitration, factfinding, impasse, compensation-plan, or other authoritative wage-setting material when available","Scout-stage only. Target exactly BOROUGH OF TINTON FALLS (Census government ID 109106). County context: Monmouth County [34025; county; government-units-primary=yes; basis=2020_place_by_county]. Exclude counties, school districts, transit agencies, port/airport authorities, housing authorities, park districts, township governments, fire/water/utility and other special districts, regional bodies, universities, state/federal employers, and private providers. If safety service is supplied by another employer, do not attribute that unit to the municipality. A safety agreement cannot satisfy the non-safety request. Do not make or recommend a public-records request. Allow an empty candidate list. No source URL was opened during selection. Later verification—not this scout—must confirm employer, unit, provenance, execution/completeness, visible 2014-2024 dates, wage content, duplicates, access, and mutual cycle overlap.",locked_for_worker_prep_dry_run_only,no,not_scouted
worker_2,COORD-SERIAL150-2026-07-21,NJ,Rutherford,cog_2025_130823,130823,BOROUGH OF RUTHERFORD,municipal,place,18852,1,no,Bergen County [34003; county; government-units-primary=yes; basis=2020_place_by_county],25,mid_size_borough_city_expansion,"Population-ranked untouched New Jersey place government (18,852; batch rank 25) selected after excluding covered/canonical rows and township governments.",CLM-2026-07-12-01; CLM-2026-07-12-04; CLM-2026-07-12-05; CLM-2026-07-12-06; CLM-2026-07-12-07; H1; H2; H3; H4; H5; H7,"municipal police; municipal fire only when the exact target municipality is the employer; at least one ordinary general-municipal non-safety unit (clerical_admin/public_works/sanitation/library); public arbitration, factfinding, impasse, compensation-plan, or other authoritative wage-setting material when available","Scout-stage only. Target exactly BOROUGH OF RUTHERFORD (Census government ID 130823). County context: Bergen County [34003; county; government-units-primary=yes; basis=2020_place_by_county]. Exclude counties, school districts, transit agencies, port/airport authorities, housing authorities, park districts, township governments, fire/water/utility and other special districts, regional bodies, universities, state/federal employers, and private providers. If safety service is supplied by another employer, do not attribute that unit to the municipality. A safety agreement cannot satisfy the non-safety request. Do not make or recommend a public-records request. Allow an empty candidate list. No source URL was opened during selection. Later verification—not this scout—must confirm employer, unit, provenance, execution/completeness, visible 2014-2024 dates, wage content, duplicates, access, and mutual cycle overlap.",locked_for_worker_prep_dry_run_only,no,not_scouted
worker_2,COORD-SERIAL150-2026-07-21,NJ,Dover,cog_2025_109109,109109,TOWN OF DOVER,municipal,place,18435,1,no,Morris County [34027; county; government-units-primary=yes; basis=2020_place_by_county],26,mid_size_borough_city_expansion,"Population-ranked untouched New Jersey place government (18,435; batch rank 26) selected after excluding covered/canonical rows and township governments.",CLM-2026-07-12-01; CLM-2026-07-12-04; CLM-2026-07-12-05; CLM-2026-07-12-06; CLM-2026-07-12-07; H1; H2; H3; H4; H5; H7,"municipal police; municipal fire only when the exact target municipality is the employer; at least one ordinary general-municipal non-safety unit (clerical_admin/public_works/sanitation/library); public arbitration, factfinding, impasse, compensation-plan, or other authoritative wage-setting material when available","Scout-stage only. Target exactly TOWN OF DOVER (Census government ID 109109). County context: Morris County [34027; county; government-units-primary=yes; basis=2020_place_by_county]. Exclude counties, school districts, transit agencies, port/airport authorities, housing authorities, park districts, township governments, fire/water/utility and other special districts, regional bodies, universities, state/federal employers, and private providers. If safety service is supplied by another employer, do not attribute that unit to the municipality. A safety agreement cannot satisfy the non-safety request. Do not make or recommend a public-records request. Allow an empty candidate list. No source URL was opened during selection. Later verification—not this scout—must confirm employer, unit, provenance, execution/completeness, visible 2014-2024 dates, wage content, duplicates, access, and mutual cycle overlap.",locked_for_worker_prep_dry_run_only,no,not_scouted
worker_2,COORD-SERIAL150-2026-07-21,NJ,Dumont,cog_2025_170114,170114,BOROUGH OF DUMONT,municipal,place,18234,1,no,Bergen County [34003; county; government-units-primary=yes; basis=2020_place_by_county],27,mid_size_borough_city_expansion,"Population-ranked untouched New Jersey place government (18,234; batch rank 27) selected after excluding covered/canonical rows and township governments.",CLM-2026-07-12-01; CLM-2026-07-12-04; CLM-2026-07-12-05; CLM-2026-07-12-06; CLM-2026-07-12-07; H1; H2; H3; H4; H5; H7,"municipal police; municipal fire only when the exact target municipality is the employer; at least one ordinary general-municipal non-safety unit (clerical_admin/public_works/sanitation/library); public arbitration, factfinding, impasse, compensation-plan, or other authoritative wage-setting material when available","Scout-stage only. Target exactly BOROUGH OF DUMONT (Census government ID 170114). County context: Bergen County [34003; county; government-units-primary=yes; basis=2020_place_by_county]. Exclude counties, school districts, transit agencies, port/airport authorities, housing authorities, park districts, township governments, fire/water/utility and other special districts, regional bodies, universities, state/federal employers, and private providers. If safety service is supplied by another employer, do not attribute that unit to the municipality. A safety agreement cannot satisfy the non-safety request. Do not make or recommend a public-records request. Allow an empty candidate list. No source URL was opened during selection. Later verification—not this scout—must confirm employer, unit, provenance, execution/completeness, visible 2014-2024 dates, wage content, duplicates, access, and mutual cycle overlap.",locked_for_worker_prep_dry_run_only,no,not_scouted
worker_2,COORD-SERIAL150-2026-07-21,NJ,New Milford,cog_2025_130820,130820,BOROUGH OF NEW MILFORD,municipal,place,16889,1,no,Bergen County [34003; county; government-units-primary=yes; basis=2020_place_by_county],28,mid_size_borough_city_expansion,"Population-ranked untouched New Jersey place government (16,889; batch rank 28) selected after excluding covered/canonical rows and township governments.",CLM-2026-07-12-01; CLM-2026-07-12-04; CLM-2026-07-12-05; CLM-2026-07-12-06; CLM-2026-07-12-07; H1; H2; H3; H4; H5; H7,"municipal police; municipal fire only when the exact target municipality is the employer; at least one ordinary general-municipal non-safety unit (clerical_admin/public_works/sanitation/library); public arbitration, factfinding, impasse, compensation-plan, or other authoritative wage-setting material when available","Scout-stage only. Target exactly BOROUGH OF NEW MILFORD (Census government ID 130820). County context: Bergen County [34003; county; government-units-primary=yes; basis=2020_place_by_county]. Exclude counties, school districts, transit agencies, port/airport authorities, housing authorities, park districts, township governments, fire/water/utility and other special districts, regional bodies, universities, state/federal employers, and private providers. If safety service is supplied by another employer, do not attribute that unit to the municipality. A safety agreement cannot satisfy the non-safety request. Do not make or recommend a public-records request. Allow an empty candidate list. No source URL was opened during selection. Later verification—not this scout—must confirm employer, unit, provenance, execution/completeness, visible 2014-2024 dates, wage content, duplicates, access, and mutual cycle overlap.",locked_for_worker_prep_dry_run_only,no,not_scouted
worker_2,COORD-SERIAL150-2026-07-21,NJ,Madison,cog_2025_170212,170212,BOROUGH OF MADISON,municipal,place,16432,1,no,Morris County [34027; county; government-units-primary=yes; basis=2020_place_by_county],29,mid_size_borough_city_expansion,"Population-ranked untouched New Jersey place government (16,432; batch rank 29) selected after excluding covered/canonical rows and township governments.",CLM-2026-07-12-01; CLM-2026-07-12-04; CLM-2026-07-12-05; CLM-2026-07-12-06; CLM-2026-07-12-07; H1; H2; H3; H4; H5; H7,"municipal police; municipal fire only when the exact target municipality is the employer; at least one ordinary general-municipal non-safety unit (clerical_admin/public_works/sanitation/library); public arbitration, factfinding, impasse, compensation-plan, or other authoritative wage-setting material when available","Scout-stage only. Target exactly BOROUGH OF MADISON (Census government ID 170212). County context: Morris County [34027; county; government-units-primary=yes; basis=2020_place_by_county]. Exclude counties, school districts, transit agencies, port/airport authorities, housing authorities, park districts, township governments, fire/water/utility and other special districts, regional bodies, universities, state/federal employers, and private providers. If safety service is supplied by another employer, do not attribute that unit to the municipality. A safety agreement cannot satisfy the non-safety request. Do not make or recommend a public-records request. Allow an empty candidate list. No source URL was opened during selection. Later verification—not this scout—must confirm employer, unit, provenance, execution/completeness, visible 2014-2024 dates, wage content, duplicates, access, and mutual cycle overlap.",locked_for_worker_prep_dry_run_only,no,not_scouted
worker_2,COORD-SERIAL150-2026-07-21,NJ,North Arlington,cog_2025_186536,186536,BOROUGH OF NORTH ARLINGTON,municipal,place,16370,1,no,Bergen County [34003; county; government-units-primary=yes; basis=2020_place_by_county],30,mid_size_borough_city_expansion,"Population-ranked untouched New Jersey place government (16,370; batch rank 30) selected after excluding covered/canonical rows and township governments.",CLM-2026-07-12-01; CLM-2026-07-12-04; CLM-2026-07-12-05; CLM-2026-07-12-06; CLM-2026-07-12-07; H1; H2; H3; H4; H5; H7,"municipal police; municipal fire only when the exact target municipality is the employer; at least one ordinary general-municipal non-safety unit (clerical_admin/public_works/sanitation/library); public arbitration, factfinding, impasse, compensation-plan, or other authoritative wage-setting material when available","Scout-stage only. Target exactly BOROUGH OF NORTH ARLINGTON (Census government ID 186536). County context: Bergen County [34003; county; government-units-primary=yes; basis=2020_place_by_county]. Exclude counties, school districts, transit agencies, port/airport authorities, housing authorities, park districts, township governments, fire/water/utility and other special districts, regional bodies, universities, state/federal employers, and private providers. If safety service is supplied by another employer, do not attribute that unit to the municipality. A safety agreement cannot satisfy the non-safety request. Do not make or recommend a public-records request. Allow an empty candidate list. No source URL was opened during selection. Later verification—not this scout—must confirm employer, unit, provenance, execution/completeness, visible 2014-2024 dates, wage content, duplicates, access, and mutual cycle overlap.",locked_for_worker_prep_dry_run_only,no,not_scouted
worker_2,COORD-SERIAL150-2026-07-21,NJ,South River,cog_2025_170196,170196,BOROUGH OF SOUTH RIVER,municipal,place,15931,1,no,Middlesex County [34023; county; government-units-primary=yes; basis=2020_place_by_county],31,mid_size_borough_city_expansion,"Population-ranked untouched New Jersey place government (15,931; batch rank 31) selected after excluding covered/canonical rows and township governments.",CLM-2026-07-12-01; CLM-2026-07-12-04; CLM-2026-07-12-05; CLM-2026-07-12-06; CLM-2026-07-12-07; H1; H2; H3; H4; H5; H7,"municipal police; municipal fire only when the exact target municipality is the employer; at least one ordinary general-municipal non-safety unit (clerical_admin/public_works/sanitation/library); public arbitration, factfinding, impasse, compensation-plan, or other authoritative wage-setting material when available","Scout-stage only. Target exactly BOROUGH OF SOUTH RIVER (Census government ID 170196). County context: Middlesex County [34023; county; government-units-primary=yes; basis=2020_place_by_county]. Exclude counties, school districts, transit agencies, port/airport authorities, housing authorities, park districts, township governments, fire/water/utility and other special districts, regional bodies, universities, state/federal employers, and private providers. If safety service is supplied by another employer, do not attribute that unit to the municipality. A safety agreement cannot satisfy the non-safety request. Do not make or recommend a public-records request. Allow an empty candidate list. No source URL was opened during selection. Later verification—not this scout—must confirm employer, unit, provenance, execution/completeness, visible 2014-2024 dates, wage content, duplicates, access, and mutual cycle overlap.",locked_for_worker_prep_dry_run_only,no,not_scouted
worker_2,COORD-SERIAL150-2026-07-21,NJ,Asbury Park,cog_2025_170198,170198,CITY OF ASBURY PARK,municipal,place,15391,1,no,Monmouth County [34025; county; government-units-primary=yes; basis=2020_place_by_county],32,mid_size_borough_city_expansion,"Population-ranked untouched New Jersey place government (15,391; batch rank 32) selected after excluding covered/canonical rows and township governments.",CLM-2026-07-12-01; CLM-2026-07-12-04; CLM-2026-07-12-05; CLM-2026-07-12-06; CLM-2026-07-12-07; H1; H2; H3; H4; H5; H7,"municipal police; municipal fire only when the exact target municipality is the employer; at least one ordinary general-municipal non-safety unit (clerical_admin/public_works/sanitation/library); public arbitration, factfinding, impasse, compensation-plan, or other authoritative wage-setting material when available","Scout-stage only. Target exactly CITY OF ASBURY PARK (Census government ID 170198). County context: Monmouth County [34025; county; government-units-primary=yes; basis=2020_place_by_county]. Exclude counties, school districts, transit agencies, port/airport authorities, housing authorities, park districts, township governments, fire/water/utility and other special districts, regional bodies, universities, state/federal employers, and private providers. If safety service is supplied by another employer, do not attribute that unit to the municipality. A safety agreement cannot satisfy the non-safety request. Do not make or recommend a public-records request. Allow an empty candidate list. No source URL was opened during selection. Later verification—not this scout—must confirm employer, unit, provenance, execution/completeness, visible 2014-2024 dates, wage content, duplicates, access, and mutual cycle overlap.",locked_for_worker_prep_dry_run_only,no,not_scouted
worker_2,COORD-SERIAL150-2026-07-21,NJ,Phillipsburg,cog_2025_170249,170249,TOWN OF PHILLIPSBURG,municipal,place,15328,1,no,Warren County [34041; county; government-units-primary=yes; basis=2020_place_by_county],33,mid_size_borough_city_expansion,"Population-ranked untouched New Jersey place government (15,328; batch rank 33) selected after excluding covered/canonical rows and township governments.",CLM-2026-07-12-01; CLM-2026-07-12-04; CLM-2026-07-12-05; CLM-2026-07-12-06; CLM-2026-07-12-07; H1; H2; H3; H4; H5; H7,"municipal police; municipal fire only when the exact target municipality is the employer; at least one ordinary general-municipal non-safety unit (clerical_admin/public_works/sanitation/library); public arbitration, factfinding, impasse, compensation-plan, or other authoritative wage-setting material when available","Scout-stage only. Target exactly TOWN OF PHILLIPSBURG (Census government ID 170249). County context: Warren County [34041; county; government-units-primary=yes; basis=2020_place_by_county]. Exclude counties, school districts, transit agencies, port/airport authorities, housing authorities, park districts, township governments, fire/water/utility and other special districts, regional bodies, universities, state/federal employers, and private providers. If safety service is supplied by another employer, do not attribute that unit to the municipality. A safety agreement cannot satisfy the non-safety request. Do not make or recommend a public-records request. Allow an empty candidate list. No source URL was opened during selection. Later verification—not this scout—must confirm employer, unit, provenance, execution/completeness, visible 2014-2024 dates, wage content, duplicates, access, and mutual cycle overlap.",locked_for_worker_prep_dry_run_only,no,not_scouted
worker_2,COORD-SERIAL150-2026-07-21,NJ,Tenafly,cog_2025_170138,170138,BOROUGH OF TENAFLY,municipal,place,15178,1,no,Bergen County [34003; county; government-units-primary=yes; basis=2020_place_by_county],34,mid_size_borough_city_expansion,"Population-ranked untouched New Jersey place government (15,178; batch rank 34) selected after excluding covered/canonical rows and township governments.",CLM-2026-07-12-01; CLM-2026-07-12-04; CLM-2026-07-12-05; CLM-2026-07-12-06; CLM-2026-07-12-07; H1; H2; H3; H4; H5; H7,"municipal police; municipal fire only when the exact target municipality is the employer; at least one ordinary general-municipal non-safety unit (clerical_admin/public_works/sanitation/library); public arbitration, factfinding, impasse, compensation-plan, or other authoritative wage-setting material when available","Scout-stage only. Target exactly BOROUGH OF TENAFLY (Census government ID 170138). County context: Bergen County [34003; county; government-units-primary=yes; basis=2020_place_by_county]. Exclude counties, school districts, transit agencies, port/airport authorities, housing authorities, park districts, township governments, fire/water/utility and other special districts, regional bodies, universities, state/federal employers, and private providers. If safety service is supplied by another employer, do not attribute that unit to the municipality. A safety agreement cannot satisfy the non-safety request. Do not make or recommend a public-records request. Allow an empty candidate list. No source URL was opened during selection. Later verification—not this scout—must confirm employer, unit, provenance, execution/completeness, visible 2014-2024 dates, wage content, duplicates, access, and mutual cycle overlap.",locked_for_worker_prep_dry_run_only,no,not_scouted
worker_2,COORD-SERIAL150-2026-07-21,NJ,Metuchen,cog_2025_170192,170192,BOROUGH OF METUCHEN,municipal,place,14977,1,no,Middlesex County [34023; county; government-units-primary=yes; basis=2020_place_by_county],35,mid_size_borough_city_expansion,"Population-ranked untouched New Jersey place government (14,977; batch rank 35) selected after excluding covered/canonical rows and township governments.",CLM-2026-07-12-01; CLM-2026-07-12-04; CLM-2026-07-12-05; CLM-2026-07-12-06; CLM-2026-07-12-07; H1; H2; H3; H4; H5; H7,"municipal police; municipal fire only when the exact target municipality is the employer; at least one ordinary general-municipal non-safety unit (clerical_admin/public_works/sanitation/library); public arbitration, factfinding, impasse, compensation-plan, or other authoritative wage-setting material when available","Scout-stage only. Target exactly BOROUGH OF METUCHEN (Census government ID 170192). County context: Middlesex County [34023; county; government-units-primary=yes; basis=2020_place_by_county]. Exclude counties, school districts, transit agencies, port/airport authorities, housing authorities, park districts, township governments, fire/water/utility and other special districts, regional bodies, universities, state/federal employers, and private providers. If safety service is supplied by another employer, do not attribute that unit to the municipality. A safety agreement cannot satisfy the non-safety request. Do not make or recommend a public-records request. Allow an empty candidate list. No source URL was opened during selection. Later verification—not this scout—must confirm employer, unit, provenance, execution/completeness, visible 2014-2024 dates, wage content, duplicates, access, and mutual cycle overlap.",locked_for_worker_prep_dry_run_only,no,not_scouted
worker_2,COORD-SERIAL150-2026-07-21,NJ,Highland Park,cog_2025_225460,225460,BOROUGH OF HIGHLAND PARK,municipal,place,14959,1,no,Middlesex County [34023; county; government-units-primary=yes; basis=2020_place_by_county],36,regional_place_employer_expansion,"Population-ranked untouched New Jersey place government (14,959; batch rank 36) selected after excluding covered/canonical rows and township governments.",CLM-2026-07-12-01; CLM-2026-07-12-04; CLM-2026-07-12-05; CLM-2026-07-12-06; CLM-2026-07-12-07; H1; H2; H3; H4; H5; H7,"municipal police; municipal fire only when the exact target municipality is the employer; at least one ordinary general-municipal non-safety unit (clerical_admin/public_works/sanitation/library); public arbitration, factfinding, impasse, compensation-plan, or other authoritative wage-setting material when available","Scout-stage only. Target exactly BOROUGH OF HIGHLAND PARK (Census government ID 225460). County context: Middlesex County [34023; county; government-units-primary=yes; basis=2020_place_by_county]. Exclude counties, school districts, transit agencies, port/airport authorities, housing authorities, park districts, township governments, fire/water/utility and other special districts, regional bodies, universities, state/federal employers, and private providers. If safety service is supplied by another employer, do not attribute that unit to the municipality. A safety agreement cannot satisfy the non-safety request. Do not make or recommend a public-records request. Allow an empty candidate list. No source URL was opened during selection. Later verification—not this scout—must confirm employer, unit, provenance, execution/completeness, visible 2014-2024 dates, wage content, duplicates, access, and mutual cycle overlap.",locked_for_worker_prep_dry_run_only,no,not_scouted
worker_2,COORD-SERIAL150-2026-07-21,NJ,Fairview,cog_2025_170119,170119,BOROUGH OF FAIRVIEW,municipal,place,14927,1,no,Bergen County [34003; county; government-units-primary=yes; basis=2020_place_by_county],37,regional_place_employer_expansion,"Population-ranked untouched New Jersey place government (14,927; batch rank 37) selected after excluding covered/canonical rows and township governments.",CLM-2026-07-12-01; CLM-2026-07-12-04; CLM-2026-07-12-05; CLM-2026-07-12-06; CLM-2026-07-12-07; H1; H2; H3; H4; H5; H7,"municipal police; municipal fire only when the exact target municipality is the employer; at least one ordinary general-municipal non-safety unit (clerical_admin/public_works/sanitation/library); public arbitration, factfinding, impasse, compensation-plan, or other authoritative wage-setting material when available","Scout-stage only. Target exactly BOROUGH OF FAIRVIEW (Census government ID 170119). County context: Bergen County [34003; county; government-units-primary=yes; basis=2020_place_by_county]. Exclude counties, school districts, transit agencies, port/airport authorities, housing authorities, park districts, township governments, fire/water/utility and other special districts, regional bodies, universities, state/federal employers, and private providers. If safety service is supplied by another employer, do not attribute that unit to the municipality. A safety agreement cannot satisfy the non-safety request. Do not make or recommend a public-records request. Allow an empty candidate list. No source URL was opened during selection. Later verification—not this scout—must confirm employer, unit, provenance, execution/completeness, visible 2014-2024 dates, wage content, duplicates, access, and mutual cycle overlap.",locked_for_worker_prep_dry_run_only,no,not_scouted
worker_2,COORD-SERIAL150-2026-07-21,NJ,Hammonton,cog_2025_109055,109055,TOWN OF HAMMONTON,municipal,place,14797,1,no,Atlantic County [34001; county; government-units-primary=yes; basis=2020_place_by_county],38,regional_place_employer_expansion,"Population-ranked untouched New Jersey place government (14,797; batch rank 38) selected after excluding covered/canonical rows and township governments.",CLM-2026-07-12-01; CLM-2026-07-12-04; CLM-2026-07-12-05; CLM-2026-07-12-06; CLM-2026-07-12-07; H1; H2; H3; H4; H5; H7,"municipal police; municipal fire only when the exact target municipality is the employer; at least one ordinary general-municipal non-safety unit (clerical_admin/public_works/sanitation/library); public arbitration, factfinding, impasse, compensation-plan, or other authoritative wage-setting material when available","Scout-stage only. Target exactly TOWN OF HAMMONTON (Census government ID 109055). County context: Atlantic County [34001; county; government-units-primary=yes; basis=2020_place_by_county]. Exclude counties, school districts, transit agencies, port/airport authorities, housing authorities, park districts, township governments, fire/water/utility and other special districts, regional bodies, universities, state/federal employers, and private providers. If safety service is supplied by another employer, do not attribute that unit to the municipality. A safety agreement cannot satisfy the non-safety request. Do not make or recommend a public-records request. Allow an empty candidate list. No source URL was opened during selection. Later verification—not this scout—must confirm employer, unit, provenance, execution/completeness, visible 2014-2024 dates, wage content, duplicates, access, and mutual cycle overlap.",locked_for_worker_prep_dry_run_only,no,not_scouted
worker_2,COORD-SERIAL150-2026-07-21,NJ,Ramsey,cog_2025_170133,170133,BOROUGH OF RAMSEY,municipal,place,14706,1,no,Bergen County [34003; county; government-units-primary=yes; basis=2020_place_by_county],39,regional_place_employer_expansion,"Population-ranked untouched New Jersey place government (14,706; batch rank 39) selected after excluding covered/canonical rows and township governments.",CLM-2026-07-12-01; CLM-2026-07-12-04; CLM-2026-07-12-05; CLM-2026-07-12-06; CLM-2026-07-12-07; H1; H2; H3; H4; H5; H7,"municipal police; municipal fire only when the exact target municipality is the employer; at least one ordinary general-municipal non-safety unit (clerical_admin/public_works/sanitation/library); public arbitration, factfinding, impasse, compensation-plan, or other authoritative wage-setting material when available","Scout-stage only. Target exactly BOROUGH OF RAMSEY (Census government ID 170133). County context: Bergen County [34003; county; government-units-primary=yes; basis=2020_place_by_county]. Exclude counties, school districts, transit agencies, port/airport authorities, housing authorities, park districts, township governments, fire/water/utility and other special districts, regional bodies, universities, state/federal employers, and private providers. If safety service is supplied by another employer, do not attribute that unit to the municipality. A safety agreement cannot satisfy the non-safety request. Do not make or recommend a public-records request. Allow an empty candidate list. No source URL was opened during selection. Later verification—not this scout—must confirm employer, unit, provenance, execution/completeness, visible 2014-2024 dates, wage content, duplicates, access, and mutual cycle overlap.",locked_for_worker_prep_dry_run_only,no,not_scouted
worker_2,COORD-SERIAL150-2026-07-21,NJ,Edgewater,cog_2025_170116,170116,BOROUGH OF EDGEWATER,municipal,place,14678,1,no,Bergen County [34003; county; government-units-primary=yes; basis=2020_place_by_county],40,regional_place_employer_expansion,"Population-ranked untouched New Jersey place government (14,678; batch rank 40) selected after excluding covered/canonical rows and township governments.",CLM-2026-07-12-01; CLM-2026-07-12-04; CLM-2026-07-12-05; CLM-2026-07-12-06; CLM-2026-07-12-07; H1; H2; H3; H4; H5; H7,"municipal police; municipal fire only when the exact target municipality is the employer; at least one ordinary general-municipal non-safety unit (clerical_admin/public_works/sanitation/library); public arbitration, factfinding, impasse, compensation-plan, or other authoritative wage-setting material when available","Scout-stage only. Target exactly BOROUGH OF EDGEWATER (Census government ID 170116). County context: Bergen County [34003; county; government-units-primary=yes; basis=2020_place_by_county]. Exclude counties, school districts, transit agencies, port/airport authorities, housing authorities, park districts, township governments, fire/water/utility and other special districts, regional bodies, universities, state/federal employers, and private providers. If safety service is supplied by another employer, do not attribute that unit to the municipality. A safety agreement cannot satisfy the non-safety request. Do not make or recommend a public-records request. Allow an empty candidate list. No source URL was opened during selection. Later verification—not this scout—must confirm employer, unit, provenance, execution/completeness, visible 2014-2024 dates, wage content, duplicates, access, and mutual cycle overlap.",locked_for_worker_prep_dry_run_only,no,not_scouted
worker_2,COORD-SERIAL150-2026-07-21,NJ,Hopatcong,cog_2025_170241,170241,BOROUGH OF HOPATCONG,municipal,place,14622,1,no,Sussex County [34037; county; government-units-primary=yes; basis=2020_place_by_county],41,regional_place_employer_expansion,"Population-ranked untouched New Jersey place government (14,622; batch rank 41) selected after excluding covered/canonical rows and township governments.",CLM-2026-07-12-01; CLM-2026-07-12-04; CLM-2026-07-12-05; CLM-2026-07-12-06; CLM-2026-07-12-07; H1; H2; H3; H4; H5; H7,"municipal police; municipal fire only when the exact target municipality is the employer; at least one ordinary general-municipal non-safety unit (clerical_admin/public_works/sanitation/library); public arbitration, factfinding, impasse, compensation-plan, or other authoritative wage-setting material when available","Scout-stage only. Target exactly BOROUGH OF HOPATCONG (Census government ID 170241). County context: Sussex County [34037; county; government-units-primary=yes; basis=2020_place_by_county]. Exclude counties, school districts, transit agencies, port/airport authorities, housing authorities, park districts, township governments, fire/water/utility and other special districts, regional bodies, universities, state/federal employers, and private providers. If safety service is supplied by another employer, do not attribute that unit to the municipality. A safety agreement cannot satisfy the non-safety request. Do not make or recommend a public-records request. Allow an empty candidate list. No source URL was opened during selection. Later verification—not this scout—must confirm employer, unit, provenance, execution/completeness, visible 2014-2024 dates, wage content, duplicates, access, and mutual cycle overlap.",locked_for_worker_prep_dry_run_only,no,not_scouted
worker_2,COORD-SERIAL150-2026-07-21,NJ,Middlesex,cog_2025_170193,170193,BOROUGH OF MIDDLESEX,municipal,place,14461,1,no,Middlesex County [34023; county; government-units-primary=yes; basis=2020_place_by_county],42,regional_place_employer_expansion,"Population-ranked untouched New Jersey place government (14,461; batch rank 42) selected after excluding covered/canonical rows and township governments.",CLM-2026-07-12-01; CLM-2026-07-12-04; CLM-2026-07-12-05; CLM-2026-07-12-06; CLM-2026-07-12-07; H1; H2; H3; H4; H5; H7,"municipal police; municipal fire only when the exact target municipality is the employer; at least one ordinary general-municipal non-safety unit (clerical_admin/public_works/sanitation/library); public arbitration, factfinding, impasse, compensation-plan, or other authoritative wage-setting material when available","Scout-stage only. Target exactly BOROUGH OF MIDDLESEX (Census government ID 170193). County context: Middlesex County [34023; county; government-units-primary=yes; basis=2020_place_by_county]. Exclude counties, school districts, transit agencies, port/airport authorities, housing authorities, park districts, township governments, fire/water/utility and other special districts, regional bodies, universities, state/federal employers, and private providers. If safety service is supplied by another employer, do not attribute that unit to the municipality. A safety agreement cannot satisfy the non-safety request. Do not make or recommend a public-records request. Allow an empty candidate list. No source URL was opened during selection. Later verification—not this scout—must confirm employer, unit, provenance, execution/completeness, visible 2014-2024 dates, wage content, duplicates, access, and mutual cycle overlap.",locked_for_worker_prep_dry_run_only,no,not_scouted
worker_2,COORD-SERIAL150-2026-07-21,NJ,Collingswood,cog_2025_170148,170148,BOROUGH OF COLLINGSWOOD,municipal,place,14204,1,no,Camden County [34007; county; government-units-primary=yes; basis=2020_place_by_county],43,regional_place_employer_expansion,"Population-ranked untouched New Jersey place government (14,204; batch rank 43) selected after excluding covered/canonical rows and township governments.",CLM-2026-07-12-01; CLM-2026-07-12-04; CLM-2026-07-12-05; CLM-2026-07-12-06; CLM-2026-07-12-07; H1; H2; H3; H4; H5; H7,"municipal police; municipal fire only when the exact target municipality is the employer; at least one ordinary general-municipal non-safety unit (clerical_admin/public_works/sanitation/library); public arbitration, factfinding, impasse, compensation-plan, or other authoritative wage-setting material when available","Scout-stage only. Target exactly BOROUGH OF COLLINGSWOOD (Census government ID 170148). County context: Camden County [34007; county; government-units-primary=yes; basis=2020_place_by_county]. Exclude counties, school districts, transit agencies, port/airport authorities, housing authorities, park districts, township governments, fire/water/utility and other special districts, regional bodies, universities, state/federal employers, and private providers. If safety service is supplied by another employer, do not attribute that unit to the municipality. A safety agreement cannot satisfy the non-safety request. Do not make or recommend a public-records request. Allow an empty candidate list. No source URL was opened during selection. Later verification—not this scout—must confirm employer, unit, provenance, execution/completeness, visible 2014-2024 dates, wage content, duplicates, access, and mutual cycle overlap.",locked_for_worker_prep_dry_run_only,no,not_scouted
worker_2,COORD-SERIAL150-2026-07-21,NJ,Somerville,cog_2025_208772,208772,BOROUGH OF SOMERVILLE,municipal,place,14112,1,no,Somerset County [34035; county; government-units-primary=yes; basis=2020_place_by_county],44,regional_place_employer_expansion,"Population-ranked untouched New Jersey place government (14,112; batch rank 44) selected after excluding covered/canonical rows and township governments.",CLM-2026-07-12-01; CLM-2026-07-12-04; CLM-2026-07-12-05; CLM-2026-07-12-06; CLM-2026-07-12-07; H1; H2; H3; H4; H5; H7,"municipal police; municipal fire only when the exact target municipality is the employer; at least one ordinary general-municipal non-safety unit (clerical_admin/public_works/sanitation/library); public arbitration, factfinding, impasse, compensation-plan, or other authoritative wage-setting material when available","Scout-stage only. Target exactly BOROUGH OF SOMERVILLE (Census government ID 208772). County context: Somerset County [34035; county; government-units-primary=yes; basis=2020_place_by_county]. Exclude counties, school districts, transit agencies, port/airport authorities, housing authorities, park districts, township governments, fire/water/utility and other special districts, regional bodies, universities, state/federal employers, and private providers. If safety service is supplied by another employer, do not attribute that unit to the municipality. A safety agreement cannot satisfy the non-safety request. Do not make or recommend a public-records request. Allow an empty candidate list. No source URL was opened during selection. Later verification—not this scout—must confirm employer, unit, provenance, execution/completeness, visible 2014-2024 dates, wage content, duplicates, access, and mutual cycle overlap.",locked_for_worker_prep_dry_run_only,no,not_scouted
worker_2,COORD-SERIAL150-2026-07-21,NJ,Florham Park,cog_2025_170210,170210,BOROUGH OF FLORHAM PARK,municipal,place,14092,1,no,Morris County [34027; county; government-units-primary=yes; basis=2020_place_by_county],45,regional_place_employer_expansion,"Population-ranked untouched New Jersey place government (14,092; batch rank 45) selected after excluding covered/canonical rows and township governments.",CLM-2026-07-12-01; CLM-2026-07-12-04; CLM-2026-07-12-05; CLM-2026-07-12-06; CLM-2026-07-12-07; H1; H2; H3; H4; H5; H7,"municipal police; municipal fire only when the exact target municipality is the employer; at least one ordinary general-municipal non-safety unit (clerical_admin/public_works/sanitation/library); public arbitration, factfinding, impasse, compensation-plan, or other authoritative wage-setting material when available","Scout-stage only. Target exactly BOROUGH OF FLORHAM PARK (Census government ID 170210). County context: Morris County [34027; county; government-units-primary=yes; basis=2020_place_by_county]. Exclude counties, school districts, transit agencies, port/airport authorities, housing authorities, park districts, township governments, fire/water/utility and other special districts, regional bodies, universities, state/federal employers, and private providers. If safety service is supplied by another employer, do not attribute that unit to the municipality. A safety agreement cannot satisfy the non-safety request. Do not make or recommend a public-records request. Allow an empty candidate list. No source URL was opened during selection. Later verification—not this scout—must confirm employer, unit, provenance, execution/completeness, visible 2014-2024 dates, wage content, duplicates, access, and mutual cycle overlap.",locked_for_worker_prep_dry_run_only,no,not_scouted
worker_2,COORD-SERIAL150-2026-07-21,NJ,Roselle Park,cog_2025_170247,170247,BOROUGH OF ROSELLE PARK,municipal,place,13932,1,no,Union County [34039; county; government-units-primary=yes; basis=2020_place_by_county],46,regional_place_employer_expansion,"Population-ranked untouched New Jersey place government (13,932; batch rank 46) selected after excluding covered/canonical rows and township governments.",CLM-2026-07-12-01; CLM-2026-07-12-04; CLM-2026-07-12-05; CLM-2026-07-12-06; CLM-2026-07-12-07; H1; H2; H3; H4; H5; H7,"municipal police; municipal fire only when the exact target municipality is the employer; at least one ordinary general-municipal non-safety unit (clerical_admin/public_works/sanitation/library); public arbitration, factfinding, impasse, compensation-plan, or other authoritative wage-setting material when available","Scout-stage only. Target exactly BOROUGH OF ROSELLE PARK (Census government ID 170247). County context: Union County [34039; county; government-units-primary=yes; basis=2020_place_by_county]. Exclude counties, school districts, transit agencies, port/airport authorities, housing authorities, park districts, township governments, fire/water/utility and other special districts, regional bodies, universities, state/federal employers, and private providers. If safety service is supplied by another employer, do not attribute that unit to the municipality. A safety agreement cannot satisfy the non-safety request. Do not make or recommend a public-records request. Allow an empty candidate list. No source URL was opened during selection. Later verification—not this scout—must confirm employer, unit, provenance, execution/completeness, visible 2014-2024 dates, wage content, duplicates, access, and mutual cycle overlap.",locked_for_worker_prep_dry_run_only,no,not_scouted
worker_2,COORD-SERIAL150-2026-07-21,NJ,Eatontown,cog_2025_208767,208767,BOROUGH OF EATONTOWN,municipal,place,13496,1,no,Monmouth County [34025; county; government-units-primary=yes; basis=2020_place_by_county],47,regional_place_employer_expansion,"Population-ranked untouched New Jersey place government (13,496; batch rank 47) selected after excluding covered/canonical rows and township governments.",CLM-2026-07-12-01; CLM-2026-07-12-04; CLM-2026-07-12-05; CLM-2026-07-12-06; CLM-2026-07-12-07; H1; H2; H3; H4; H5; H7,"municipal police; municipal fire only when the exact target municipality is the employer; at least one ordinary general-municipal non-safety unit (clerical_admin/public_works/sanitation/library); public arbitration, factfinding, impasse, compensation-plan, or other authoritative wage-setting material when available","Scout-stage only. Target exactly BOROUGH OF EATONTOWN (Census government ID 208767). County context: Monmouth County [34025; county; government-units-primary=yes; basis=2020_place_by_county]. Exclude counties, school districts, transit agencies, port/airport authorities, housing authorities, park districts, township governments, fire/water/utility and other special districts, regional bodies, universities, state/federal employers, and private providers. If safety service is supplied by another employer, do not attribute that unit to the municipality. A safety agreement cannot satisfy the non-safety request. Do not make or recommend a public-records request. Allow an empty candidate list. No source URL was opened during selection. Later verification—not this scout—must confirm employer, unit, provenance, execution/completeness, visible 2014-2024 dates, wage content, duplicates, access, and mutual cycle overlap.",locked_for_worker_prep_dry_run_only,no,not_scouted
worker_2,COORD-SERIAL150-2026-07-21,NJ,New Providence,cog_2025_170245,170245,BOROUGH OF NEW PROVIDENCE,municipal,place,13488,1,no,Union County [34039; county; government-units-primary=yes; basis=2020_place_by_county],48,regional_place_employer_expansion,"Population-ranked untouched New Jersey place government (13,488; batch rank 48) selected after excluding covered/canonical rows and township governments.",CLM-2026-07-12-01; CLM-2026-07-12-04; CLM-2026-07-12-05; CLM-2026-07-12-06; CLM-2026-07-12-07; H1; H2; H3; H4; H5; H7,"municipal police; municipal fire only when the exact target municipality is the employer; at least one ordinary general-municipal non-safety unit (clerical_admin/public_works/sanitation/library); public arbitration, factfinding, impasse, compensation-plan, or other authoritative wage-setting material when available","Scout-stage only. Target exactly BOROUGH OF NEW PROVIDENCE (Census government ID 170245). County context: Union County [34039; county; government-units-primary=yes; basis=2020_place_by_county]. Exclude counties, school districts, transit agencies, port/airport authorities, housing authorities, park districts, township governments, fire/water/utility and other special districts, regional bodies, universities, state/federal employers, and private providers. If safety service is supplied by another employer, do not attribute that unit to the municipality. A safety agreement cannot satisfy the non-safety request. Do not make or recommend a public-records request. Allow an empty candidate list. No source URL was opened during selection. Later verification—not this scout—must confirm employer, unit, provenance, execution/completeness, visible 2014-2024 dates, wage content, duplicates, access, and mutual cycle overlap.",locked_for_worker_prep_dry_run_only,no,not_scouted
worker_2,COORD-SERIAL150-2026-07-21,NJ,Woodland Park,cog_2025_109121,109121,BOROUGH OF WOODLAND PARK,municipal,place,13138,1,no,Passaic County [34031; county; government-units-primary=yes; basis=2020_place_by_county],49,regional_place_employer_expansion,"Population-ranked untouched New Jersey place government (13,138; batch rank 49) selected after excluding covered/canonical rows and township governments.",CLM-2026-07-12-01; CLM-2026-07-12-04; CLM-2026-07-12-05; CLM-2026-07-12-06; CLM-2026-07-12-07; H1; H2; H3; H4; H5; H7,"municipal police; municipal fire only when the exact target municipality is the employer; at least one ordinary general-municipal non-safety unit (clerical_admin/public_works/sanitation/library); public arbitration, factfinding, impasse, compensation-plan, or other authoritative wage-setting material when available","Scout-stage only. Target exactly BOROUGH OF WOODLAND PARK (Census government ID 109121). County context: Passaic County [34031; county; government-units-primary=yes; basis=2020_place_by_county]. Exclude counties, school districts, transit agencies, port/airport authorities, housing authorities, park districts, township governments, fire/water/utility and other special districts, regional bodies, universities, state/federal employers, and private providers. If safety service is supplied by another employer, do not attribute that unit to the municipality. A safety agreement cannot satisfy the non-safety request. Do not make or recommend a public-records request. Allow an empty candidate list. No source URL was opened during selection. Later verification—not this scout—must confirm employer, unit, provenance, execution/completeness, visible 2014-2024 dates, wage content, duplicates, access, and mutual cycle overlap.",locked_for_worker_prep_dry_run_only,no,not_scouted
worker_2,COORD-SERIAL150-2026-07-21,NJ,Ridgefield Park,cog_2025_170135,170135,VILLAGE OF RIDGEFIELD PARK,municipal,place,13135,1,no,Bergen County [34003; county; government-units-primary=yes; basis=2020_place_by_county],50,regional_place_employer_expansion,"Population-ranked untouched New Jersey place government (13,135; batch rank 50) selected after excluding covered/canonical rows and township governments.",CLM-2026-07-12-01; CLM-2026-07-12-04; CLM-2026-07-12-05; CLM-2026-07-12-06; CLM-2026-07-12-07; H1; H2; H3; H4; H5; H7,"municipal police; municipal fire only when the exact target municipality is the employer; at least one ordinary general-municipal non-safety unit (clerical_admin/public_works/sanitation/library); public arbitration, factfinding, impasse, compensation-plan, or other authoritative wage-setting material when available","Scout-stage only. Target exactly VILLAGE OF RIDGEFIELD PARK (Census government ID 170135). County context: Bergen County [34003; county; government-units-primary=yes; basis=2020_place_by_county]. Exclude counties, school districts, transit agencies, port/airport authorities, housing authorities, park districts, township governments, fire/water/utility and other special districts, regional bodies, universities, state/federal employers, and private providers. If safety service is supplied by another employer, do not attribute that unit to the municipality. A safety agreement cannot satisfy the non-safety request. Do not make or recommend a public-records request. Allow an empty candidate list. No source URL was opened during selection. Later verification—not this scout—must confirm employer, unit, provenance, execution/completeness, visible 2014-2024 dates, wage content, duplicates, access, and mutual cycle overlap.",locked_for_worker_prep_dry_run_only,no,not_scouted
